VEH_BODY_TYP,BTG_STDAMT
1,Other
2,Light
3,Light
4,Other
5,Light
6,Light
7,Light
8,Light
9,Light
10,Other
12,Other
13,Other
14,Other
15,Other
16,Other
17,Other
18,Light
19,Other
20,Other
21,Other
22,Other
23,Other
24,Light
26,Other
27,Light
28,Light
29,Light
30,Light
31,Light
32,Light
33,Light
35,Light
37,Light
38,Light
40,Other
41,Other
42,Other
43,Other
44,Other
45,Other
46,Light
47,Light
48,Light
50,Other
53,Other
54,Other
55,Light
56,Light
57,Other
5A,Light
5B,Light
61,Other
62,Other
63,Other
64,Other
65,Other
66,Other
67,Other
68,Other
69,Other
6A,Light
6B,Light
6C,Light
6D,Light
72,Other
73,Other
74,Other
75,Other
76,Other
77,Light
78,Other
79,Other
82,Other
84,Other
87,Light
88,Other
89,Other
91,Light
92,Light
93,Light
94,Other
98,Other
