VEH_BODY_TYP,COLL_BTG_VEH_AGE_GRP
1,Dumps
2,Pickups
3,Pickups
4,Pickups
5,Pickups
6,Vans
7,Pickups
8,Pickups
9,Vans
10,Trailers
12,Trailers
13,Trailers
14,Trailers
15,Trailers
16,Trailers
17,Trailers
18,Trailers
19,Trailers
20,Trailers
21,Trailers
22,Trailers
23,Trailers
24,Trailers
26,Trailers
27,Autos
28,Trailers
29,Autos
30,Autos
31,Vans
32,Autos
33,Vans
35,Vans
37,Vans
38,Vans
40,Straights
41,Straights
42,Straights
43,Straights
44,Straights
45,Straights
46,Vans
47,Trailers
48,Trailers
50,Dumps
53,Dumps
54,Pickups
55,Pickups
56,Vans
57,Dumps
5A,Pickups
5B,Pickups
61,Pickups
62,Pickups
63,Dumps
64,Dumps
65,Dumps
66,Dumps
67,Dumps
68,Dumps
69,Trailers
6A,Vans
6B,Vans
6C,Vans
6D,Vans
72,Dumps
73,Dumps
74,Dumps
75,Dumps
76,Dumps
77,Pickups
78,Dumps
79,Dumps
82,Trailers
84,Pickups
87,Pickups
88,Dumps
89,Dumps
91,Vans
92,Vans
93,Vans
94,Pickups
98,Pickups
