VEH_BODY_TYP,BTG_LIMIT
10,Extra Heavy
12,Extra Heavy
13,Extra Heavy
14,Extra Heavy
15,Extra Heavy
16,Extra Heavy
17,Extra Heavy
18,Light
19,Extra Heavy
20,Extra Heavy
21,Extra Heavy
22,Extra Heavy
23,Extra Heavy
24,Light
26,Extra Heavy
28,Light
47,Light
48,Light
69,Extra Heavy
82,Light
06,Light
07,Light
31,Light
33,Light
35,Light
37,Light
38,Light
46,Light
56,Light
6A,Light
6B,Light
6C,Light
6D,Light
92,Light
93,Light
27,Light
53,Heavy
42,Heavy
45,Heavy
63,Light
50,Light
57,Heavy
62,Light
67,Light
68,Light
78,Light
79,Heavy
88,Light
89,Heavy
98,Heavy
84,Heavy
94,Heavy
29,Light
02,Light
61,Light
04,Heavy
54,Heavy
91,Light
40,Light
43,Light
03,Light
08,Light
77,Light
87,Light
41,Light
44,Light
09,Light
5A,Light
64,Heavy
65,Heavy
66,Heavy
72,Special
73,Special
74,Heavy
75,Heavy
76,Heavy
55,Light
30,Light
32,Light
5B,Light
05,Light
01,Extra Heavy
