SIC_CD,BCG_BT
1700,Con
4210,DSG
4214,DSG
4953,DSG
4954,DSG
4955,DSG
4212,FHT
4213,FHT
4216,FHT
4217,FHT
4218,FHT
4219,FHT
9097,FHT
780,Landscapers
1740,Con
1751,Con
5541,Tow
7532,Tow
7538,Tow
7547,Tow
2410,Logging
1521,Heavy Con
1541,Heavy Con
1761,Con
7216,Service
7342,Service
7349,Service
7359,Service
100,Service
8300,Service
8352,Service
8902,Service
9098,Service
5211,Retailers
5521,Retailers
5712,Retailers
5900,Retailers
7231,Retailers
1731,Con
7545,Tow
5099,Retailers
1711,Con
5399,Retailers
1710,Con
8351,Service
1611,Heavy Con
1771,Heavy Con
1781,Heavy Con
1799,Heavy Con
4300,Service
8900,Service
8901,Service
7261,Service
8661,Service
5812,Service
5992,Service
8322,Service
5810,Service
5963,Service
5964,Service
5994,Service
5010,Service
4215,Service
1721,Con
6000,Service
7381,Service
5093,DSG
9199,Service
1752,Con
7699,Service
7389,Service
1793,Con
5199,Retailers
3999,Service
1794,Heavy Con
7549,Tow
1742,Con
5270,FHT
4220,FHT
5990,Service
1741,Con
5411,Retailers
8249,Service
9099,Service
9999,Service
4111,Service
4112,Service
4121,Service
4122,Service
4211,FHT
4222,FHT
4229,FHT
7546,FHT
