VEH_BODY_TYP,BTG_BC
10,Extra Heavy
12,Extra Heavy
13,Extra Heavy
14,Extra Heavy
15,Extra Heavy
16,Extra Heavy
17,Extra Heavy
18,Extra Heavy
19,Extra Heavy
20,Extra Heavy
21,Extra Heavy
22,Extra Heavy
23,Extra Heavy
24,Extra Heavy
26,Extra Heavy
28,Extra Heavy
47,Extra Heavy
48,Light
69,Extra Heavy
82,Extra Heavy
6,Light
7,Medium
31,Light
33,Light
35,Light
37,Light
38,Light
46,Light
56,Light
6A,Light
6B,Light
6C,Light
6D,Light
92,Light
93,Light
27,Light
53,Medium
42,Medium
45,Medium
63,Medium
50,Medium
57,Medium
62,Heavy
67,Medium
68,Medium
78,Medium
79,Medium
88,Medium
89,Medium
98,Heavy
84,Light
94,Light
29,Light
2,Heavy
61,Extra Heavy
4,Light
54,Light
91,Light
40,Medium
43,Medium
3,Medium
8,Medium
77,Medium
87,Medium
41,Medium
44,Medium
9,Light
5A,Light
64,Heavy
65,Heavy
66,Heavy
72,Heavy
73,Heavy
74,Heavy
75,Heavy
76,Heavy
55,Light
30,Light
32,Light
5B,Light
5,Light
1,Extra Heavy
