VEH_BODY_TYP,BIPD_BTG_VEH_AGE_GRP
10,Trailers
12,Trailers
13,Trailers
14,Trailers
15,Trailers
16,Trailers
17,Trailers
18,Trailers
19,Trailers
20,Trailers
21,Trailers
22,Trailers
23,Trailers
24,Trailers
26,Trailers
28,Trailers
47,Trailers
48,Trailers
69,Trailers
82,Trailers
06,Vans
07,Pickups
31,Vans
33,Vans
35,Vans
37,Vans
38,Vans
46,Vans
56,Vans
6A,Vans
6B,Vans
6C,Vans
6D,Vans
92,Vans
93,Vans
27,Autos
53,Dumps
42,Straights
45,Straights
63,Dumps
50,Dumps
57,Dumps
62,Pickups
67,Dumps
68,Dumps
78,Dumps
79,Dumps
88,Dumps
89,Dumps
98,Pickups
84,Pickups
94,Pickups
29,Autos
02,Pickups
61,Pickups
04,Pickups
54,Pickups
91,Vans
40,Straights
43,Straights
03,Pickups
08,Pickups
77,Pickups
87,Pickups
41,Straights
44,Straights
09,Vans
5A,Pickups
64,Dumps
65,Dumps
66,Dumps
72,Dumps
73,Dumps
74,Dumps
75,Dumps
76,Dumps
55,Pickups
30,Autos
32,Autos
5B,Pickups
05,Pickups
01,Tractors
