SIC_CD,BMT_NO_LIV
1700,D-Contractors
4210,A-For Hire Spec
4214,A-For Hire Spec
4953,A-For Hire Spec
4954,A-For Hire Spec
4955,A-For Hire Spec
4212,B-For Hire Trans
4213,B-For Hire Trans
4216,B-For Hire Trans
4217,B-For Hire Trans
4218,B-For Hire Trans
4219,B-For Hire Trans
9097,B-For Hire Trans
780,D-Contractors
1740,D-Contractors
1751,D-Contractors
5541,C-Tow
7532,C-Tow
7538,C-Tow
7547,C-Tow
2410,A-For Hire Spec
1521,D-Contractors
1541,D-Contractors
1761,D-Contractors
7216,E-Business Auto
7342,E-Business Auto
7349,E-Business Auto
7359,E-Business Auto
100,E-Business Auto
8300,E-Business Auto
8352,E-Business Auto
8902,E-Business Auto
9098,E-Business Auto
5211,E-Business Auto
5521,E-Business Auto
5712,E-Business Auto
5900,E-Business Auto
7231,E-Business Auto
1731,D-Contractors
7545,C-Tow
5099,E-Business Auto
1711,D-Contractors
5399,E-Business Auto
1710,D-Contractors
8351,E-Business Auto
1611,D-Contractors
1771,D-Contractors
1781,D-Contractors
1799,D-Contractors
4300,E-Business Auto
8900,E-Business Auto
8901,E-Business Auto
7261,E-Business Auto
8661,E-Business Auto
5812,E-Business Auto
5992,E-Business Auto
8322,E-Business Auto
5810,E-Business Auto
5963,E-Business Auto
5964,E-Business Auto
5994,E-Business Auto
5010,E-Business Auto
4215,E-Business Auto
1721,D-Contractors
6000,E-Business Auto
7381,E-Business Auto
5093,A-For Hire Spec
9199,E-Business Auto
1752,D-Contractors
7699,E-Business Auto
7389,E-Business Auto
1793,D-Contractors
5199,E-Business Auto
3999,E-Business Auto
1794,D-Contractors
7549,C-Tow
1742,D-Contractors
5270,B-For Hire Trans
4220,B-For Hire Trans
5990,E-Business Auto
1741,D-Contractors
5411,E-Business Auto
8249,E-Business Auto
9099,E-Business Auto
9999,E-Business Auto
4111,E-Business Auto
4112,E-Business Auto
4121,E-Business Auto
4122,E-Business Auto
4211,B-For Hire Trans
4222,B-For Hire Trans
4229,B-For Hire Trans
7546,B-For Hire Trans
